{"cameraMode":{"drawMode":0,"name":"Shaded","section":"Shading Mode"},"sceneLighting":true,"audioPlay":false,"sceneViewState":{"m_AlwaysRefresh":false,"showFog":true,"showSkybox":true,"showFlares":true,"showImageEffects":true,"showParticleSystems":true,"showVisualEffectGraphs":true,"m_FxEnabled":true},"in2DMode":false,"pivot":{"x":141.74208068847657,"y":-10.923454284667969,"z":131.92079162597657},"rotation":{"x":-0.06012662127614021,"y":-0.9398157000541687,"z":0.22328677773475648,"w":-0.2522710859775543},"size":3.9885764122009279,"orthographic":false}